filename,width,height,class,xmin,xmax,ymin,ymax
77d1f81a-bee6-487c-aff2-0efa31a9925c____bd7f7862-d727-11e7-ad30-e18a56154311.jpg.jpeg,806,466,license plate,581,700,273,320
4eb236a3-6547-4103-b46f-3756d21128a9___06-Sanjay-Dutt.jpg.jpeg,494,449,license plate,79,288,381,449
84969111-2ec3-4914-b3bb-da5aaac701e7___1.jpg.jpeg,500,314,license plate,41,115,219,259
52b45060-9645-47c7-882d-b69a5bf07eff___1006372d1351343820-my-new-maruti-swift-zxi-21102012241.jpg.jpeg,500,469,license plate,217,359,312,359
5d08ee4a-d8e7-4fda-8959-21f263f62c25___100923d1368191518-custom-number-plates-embossedplates1.jpg.jpeg,1001,563,license plate,208,865,219,553
18d2b870-7817-46da-a59a-6406c1b472c9___1033.png,416,431,license plate,105,260,279,335
8b9e7112-9149-48fb-b8e8-c3e89cce5af0___1074650_10201043987997310_227646612_o.jpg.jpeg,551,455,license plate,226,443,240,314
be483d11-33f0-4c1f-87b6-9844eea28996___1093346d1370435964-take-look-number-plate-photo.jpg.jpeg,550,537,license plate,266,396,247,320
ab573806-1da7-4ccf-93c8-6082e0cc15c3___1107433d1373284570-my-modded-skoda-rapid-now-166-bhp-351-nm-119-whp-per-tonne-hdr_00005_normal.jpg.jpeg,1569,1119,license plate,644,892,507,578
dfedf2ad-6596-48d4-a7f6-171e55c8f637___1160575d1383218860-high-security-registration-plates-hsrp-india-wp_20131030_16_01_22_pro.jpg.jpeg,1632,918,license plate,674,957,364,572
8edca6de-d964-4027-823d-f70d3f872412___12042943_1003224833031653_9073848483429898813_n.jpg.jpeg,642,400,license plate,199,421,138,219
f265077a-611f-4a18-abe5-46518b1756e6___1232700-take-look-number-plate-uploadfromtaptalk1398055489406.jpg.jpeg,1024,769,license plate,348,499,377,436
11186c4c-5f17-49b1-af37-a138a1e53794___12837944763_e7c6c6381a_z.jpg.jpeg,640,435,license plate,215,436,185,238
8187c22d-5fa4-4976-9c00-80b2ab66b97d___1290890d1411349145-take-look-number-plate-img_20140903_093600_hdr.jpg.jpeg,550,534,license plate,99,243,221,335
931dfd5a-3d1f-4a08-9234-0453545e27ea___1297127d1412798792-maruti-ciaz-official-review-imag0627.jpg.jpeg,500,265,license plate,151,360,102,185
8625b831-13a1-4b7d-9466-826cd6d36c67___1304650d1414861991-number-plates-merchandise-canvas-ink-gurgaon-edit-closed-10471269_1537317779842156_5063668061078329632_n.jpg.jpeg,774,642,license plate,273,516,343,430
3d7cd880-ea4b-4d63-9706-bea1df54af20___135712d1400874352-skoda-rapid-1-6tdi-cr-mt-elegance-ultima-candy-white-white-monster-1911216_676392609084007_1524722860_o.jpg.jpeg,769,417,license plate,291,489,258,319
9cad4b47-6c7b-4e30-ab55-b7fa040beb56___135717d1400912281-skoda-rapid-1-6tdi-cr-mt-elegance-ultima-candy-white-white-monster-_mg_2993comp.jpg.jpeg,468,366,license plate,59,186,215,279
ae0bb069-0e7e-412a-9473-e8e0d4041cbc___135718d1400912281-skoda-rapid-1-6tdi-cr-mt-elegance-ultima-candy-white-white-monster-_mg_3000comp.jpg.jpeg,492,393,license plate,333,432,190,233
7c8229d7-7e37-41a6-9262-d5da278c8d8e___139379d1243147524-ok-have-dealers-name-number-plate-1.jpg.jpeg,919,532,license plate,261,741,189,392
3c0a3772-d18d-4ff7-861c-7e50b7974edb___1393874-take-look-number-plate-imageuploadedbyteambhp1437414250.447892.jpg.jpeg,470,375,license plate,147,354,177,274
319f51dc-9db2-4977-a43d-09561cdd54ab___1415806d1442489743t-raging-red-rover-r3-my-mahindra-scorpio-s10-4x4-nudge-guard.jpg.jpeg,802,615,license plate,272,510,2,65
7f768bfc-4c86-4fff-932d-c9871a82dce5___1431955d1446017445-number-plates-merchandise-canvas-ink-gurgaon-edit-closed-thumb_img_4422_1024.jpg.jpeg,768,1024,license plate,249,486,506,584
422aaf6f-dd4a-450f-ac6b-65966ab512d0___1431956d1446017445-number-plates-merchandise-canvas-ink-gurgaon-edit-closed-thumb_img_4418_1024.jpg.jpeg,768,1024,license plate,288,571,423,496
d88b7b9c-a4f4-4af6-af3d-b3017e114e0d___146292-maruti-suzuki-wagon-r-stingray-vxi-ownership-review-dsc_01691.jpg.jpeg,600,361,license plate,162,430,197,277
6578ae52-8431-4854-ba24-756888891756___1496414894_2017-maruti-suzuki-ciaz.jpg.jpeg,624,450,license plate,283,432,177,220
6e772b68-a549-44e5-950e-4c376454c4e9___1557295d1474517501-toyota-innova-crysta-official-review-20160921_173216.jpg.jpeg,600,486,license plate,183,456,218,319
b78553c7-977e-49a2-b3d2-42825d83c8b0___1557297d1474517501-toyota-innova-crysta-official-review-20160920_191445.jpg.jpeg,500,399,license plate,49,247,184,293
9d4ee451-51fb-4cf8-b41b-4637b02633cc___1570766d1477459055-your-favourite-number-plate-font-1.jpg.jpeg,2656,1494,license plate,296,2422,123,614
0bf830ac-5659-434d-91b0-eb24dbdbc850___1570767d1477464646-your-favourite-number-plate-font-2.jpg.jpeg,1600,916,license plate,121,1495,43,337
a2f87691-b9f5-4274-ac5a-8764e9ba282c___1571669d1477648169-your-favourite-number-plate-font-13.jpg.jpeg,1512,825,license plate,284,1442,176,685
8dbb3ea7-8512-49e4-9ede-d4647e3b7dd2___158712081_5_1000x700_toyota-innova-v-2010-7seat-life-tax-kerala_rev001.jpg.jpeg,1000,562,license plate,450,568,277,355
b5b41a4b-8913-4af6-9419-ac6398d266b0___161893107_2_1000x700_innava-with-fancy-number-upload-photos.jpg.jpeg,610,485,license plate,112,281,238,313
2153dfcb-5968-4bfc-86ba-7ee8ec2d25b1___163231d1425035435-skoda-rapid-tdi-remapped-code-6-tuning-ind-front.jpg.jpeg,730,563,license plate,45,261,348,416
6254bb73-d8a1-4f04-89a9-92caef98e233___1658240d1500548920-close-look-2017-skoda-octavia-facelift-hands-free-parking-front-bumper.jpg.jpeg,3720,2472,license plate,1185,2486,967,1355
7506a48d-2c70-4b12-b300-463754bc7837___165979d1427773878-new-volkswagen-vento-2016-launched-india-vw-vento-facelift-rear-india-spotted-test.jpg.jpeg,850,681,license plate,314,544,262,321
1fbaa27e-1ca4-463b-84b4-9ea91b82f27e___166073d1427874044-mahindra-scorpio-2015-review-pictures-scorpio-sting-body-colour-aplique.jpg.jpeg,320,240,license plate,97,195,99,138
b266759c-f9e9-47c1-9042-4c7aef7d441d___1711769d1514801394t-toyota-innova-crysta-2-4-gx-ownership-review-edit-10-000-km-service-done-vs.jpg.jpeg,304,248,license plate,121,192,107,169
8d491254-3c69-4f90-91dd-4eb86c7824c1___184786d1447444308-new-generation-mahindra-scorpio-s10-buying-ownership-review-wp_20151113_003.jpg.jpeg,1632,918,license plate,794,912,485,524
4be1ff39-b2ad-45e0-9c9a-0e7215cbb5b6___2.jpg.jpeg,300,225,license plate,7,298,81,167
12e26859-89e0-4c9b-9c59-ee793337464f___20.jpg.jpeg,700,466,license plate,154,315,182,256
55aa4ee8-13fd-45bd-b83b-651ac665d71a___200560387_4_1000x700_2012-toyota-innova-diesel-130000-kms-cars.jpg.jpeg,518,458,license plate,154,338,225,298
31847e78-6696-4dc2-be08-cb37d512c576___2010_Maruti_WagonR_Review.jpg.jpeg,500,409,license plate,26,164,261,329
631031c0-98c5-4a8f-959e-ddf3c81cd6ae___20131127_145021.jpg.jpeg,500,257,license plate,26,485,15,254
dd58e02d-51a5-4bfd-87af-ff51c576086e___2014-mahindra-scorpio-suv-10.jpg.jpeg,1200,800,license plate,595,886,463,530
a1928183-9ebe-40f0-9a84-500aecc61474___2014-Skoda-Superb-facelift-spied-in-India.jpg.jpeg,594,379,license plate,406,534,169,213
03273806-bb1e-48da-8c8b-a0133a90197a___2014-Skoda-Yeti-Test-Drive.jpg.jpeg,588,476,license plate,180,378,278,350
5b49ae32-c799-45e3-b139-9c56acf6370d___2014-Volkswagen-Polo-Review.jpg.jpeg,1024,682,license plate,397,598,420,482
93b6319a-5886-48d8-8a69-07d586751553___2014-VW-Polo-facelift-first-drive-rear-number-plate.jpg.jpeg,1280,847,license plate,312,1125,291,530
e54fb93b-020f-4c55-b4db-86e17ba9b9e0___2014-VW-Polo-facelift-rear-spotted-testing-in-Pune-India.jpg.jpeg,341,368,license plate,114,206,196,241
c06d4d42-591f-429e-92b4-20e701f89c14___2014-VW-Polo-facelift-spied-India-rear.jpg.jpeg,960,1280,license plate,441,666,706,789
0b24d6ed-d32f-420d-bc18-03deece29073___2015-Maruti-Ciaz-Test-Drive-Review.jpg.jpeg,608,302,license plate,370,499,201,260
e4907f73-1fbc-412c-a766-9c81bb31449c___2016-Chevrolet-TrailBlazer-India-Test-Drive-Review-e1442832290349.jpg.jpeg,469,436,license plate,48,196,291,345
d4bec046-caac-4e59-bd05-44de2232d83b___2017-Skoda-Octavia-Front.jpg.jpeg,400,278,license plate,208,355,155,194
6bf2730d-82bf-43ac-8802-b61315d85b96___2017-Skoda-Octavia-rear-high-revealed-for-India-images.jpg.jpeg,400,374,license plate,104,281,228,287
504e7c29-e1dc-48c9-ace6-738cf934e368___2017-skoda-octavia-rs-12.jpg.jpeg,500,269,license plate,281,443,187,236
7cd80882-17d0-419b-9e50-760c34338038___2017-Volkswagen-Passat-Spotted-Pune.jpg.jpeg,1024,818,license plate,382,522,396,441
18f2e55e-0724-4eee-a28e-5d552a5aa045___20455d0e2dca458f13fbf4da5a2dc118.jpg.jpeg,735,529,license plate,147,286,181,234
23d775eb-842f-4f57-ad7a-affafa21660a___215453-new-2016-maruti-ertiga-granite-grey-zdi-shvs-highway-champion-img_8168.jpg.jpeg,547,546,license plate,91,300,253,368
a9268f51-fbb4-42c2-b88c-f5ef9f8ead42___2266_7T4G0510.JPG.jpeg,500,416,license plate,147,357,234,323
cbd81ff4-fc2a-4cd5-bed6-0fef4c456caa___226616d1495986750-zoomcar-review-mahindra-scorpio-s4-09-pamban.jpg.jpeg,2432,1368,license plate,769,1121,725,844
e719f39b-e8dd-4fe0-9a41-71123932a486___226676869_4_1000x700_maruti-suzuki-wagon-r-duo-petrol-120000-kms-2007-year-cars_rev001.jpg.jpeg,414,432,license plate,122,290,208,260
ea7090ee-ffa2-4812-9e7e-2098b1a538e6___23-500x500.jpg.jpeg,500,245,license plate,6,495,9,245
712ecd95-753f-4d67-ae42-e8b5254e6e94___28iam53.jpg.jpeg,333,500,license plate,34,191,195,272
6ed8b283-5cf5-4727-9969-c79f70f47e80___2-cars-same-numbers.jpg.jpeg,305,274,license plate,61,174,131,189
e607d2c2-1c87-4188-be32-a96942816632___31-250x250.jpg.jpeg,250,179,license plate,19,249,23,166
40204d5c-c847-4437-90db-3e2d05a27761___33.jpg.jpeg,503,439,license plate,92,361,131,283
26d2b905-4055-41fe-a933-47db0e8a0a7f___37cba8c3f681f0cb5694f16a4c54aa7b.jpg.jpeg,534,337,license plate,42,113,199,264
c03a7106-1fb9-471f-bbb0-2e8f4a29759a___38e7b1109eb976088e1df2f14ac4c08c.jpg.jpeg,736,483,license plate,90,210,295,344
967ba4a0-eb8e-4734-aa09-c7143d0404b6___39720161008_150234.jpg.jpeg,478,395,license plate,148,324,203,261
59a40238-6b01-4bb9-9faf-3b595e67bcb3___3d-font-number-plate-500x500.jpg.jpeg,446,282,license plate,162,304,213,261
e53076d3-c3b7-47b8-8c63-30a08b8ad983___40213__Maruti_Suzuki_Swift--016.JPG.jpeg,500,349,license plate,141,343,247,311
15e7c19f-da3c-4f0d-91f3-552afabc8961___41FxrEl7jHL.jpg.jpeg,500,252,license plate,138,381,77,185
85bd88a0-ac9a-412e-ba44-2a29d209e212___4336_1466054535_9.jpg.jpeg,650,435,license plate,160,294,182,230
e706cec0-783a-42bc-b934-64788481cd92___4-Innova-After-2.jpg.jpeg,500,372,license plate,159,343,162,225
fac9f4e6-c4b9-4872-86da-79d58ea2adc5___5273.jpg.jpeg,600,337,license plate,412,519,143,185
dfebb432-82cd-4154-b919-0d8be2c0d85a___5e4697c6f639f3f341b2feb170d72795af3fc998.jpg.jpeg,500,378,license plate,145,325,200,249
b176b317-68a9-4c38-ac39-55e5244c9b9c___60653.jpg.jpeg,927,309,license plate,452,825,109,241
581e2224-3640-4bad-9d90-c2076a9f64f4___617609.jpg.jpeg,452,274,license plate,153,297,138,194
b15fe5a9-a8c3-498a-88d4-aee947949ae8___71927d1227088408-high-security-registration-plates-hsrp-india-dsc00161.jpg.jpeg,1024,768,license plate,559,848,456,540
3515f71d-cdd6-4050-ae68-7b7afd4c0a11___8.jpeg,445,349,license plate,64,355,137,249
0369b20e-b432-4409-90f9-2420877aa386___8151536c79159a1557421da5f27f9f0e.jpg.jpeg,480,480,license plate,334,471,304,366
6d69b523-72b7-4be9-a79f-428ef8148dcd___81auoS-H8eL._SX425_.jpg.jpeg,425,290,license plate,93,359,46,221
dc8bb609-7086-431b-9c8b-9520975dabd2___822716205_6_1080x720_maruti-suzuki-ciaz-make-year-2014-petrol-.jpg.jpeg,500,281,license plate,200,344,131,178
a2d49f53-4121-4627-b5d9-069f8b2f8490___840256171_1_1080x720_maruti-suzuki-wagon-r-vxi-with-abs-minor-2014-petrol-erode.jpg.jpeg,371,396,license plate,102,257,208,276
10c96324-3452-43e2-aa68-c8ae7d3c1b6e___844874771_1_1080x720_maruti-suzuki-wagon-r-vxi-bs-iii-2014-petrol-.jpg.jpeg,500,457,license plate,146,364,234,316
6f680368-4a15-464a-b314-7f9cd0f3db11___91852d1232463201-high-security-registration-plates-hsrp-india-num1.jpg.jpeg,441,363,license plate,199,359,185,262
2af8ed43-b164-450f-983f-40166b36f4e8___96118762.JPG.jpeg,1800,1200,license plate,784,1079,651,742
171198e7-0780-4930-9acb-482f338f457f___96118768.JPG.jpeg,1800,1200,license plate,1010,1425,570,745
e69f33fd-730a-46f3-9d99-edde32847161___995920d1349421647-cappuccino-beige-czech-tank-here-my-skoda-laura-2-0-elegance-mt-20121005_121433.jpg.jpeg,2285,1714,license plate,845,1592,804,981
1f0a7fe8-ac9b-4b54-9d55-e11f34f9f98b___9f6521b2ddb7b8e40ffd510966ffcca3.jpg.jpeg,462,290,license plate,313,384,103,147
11ad2f1a-4cbd-4176-a4f5-3be001ec95a3___a4auto.com5140_.jpg.jpeg,1000,562,license plate,606,782,287,353
50dfc8ce-e3e0-4856-aeba-2dcdf0fc2bec___Alto-Eco-India-rear-2.jpg.jpeg,441,451,license plate,150,302,353,425
c8a79e91-8c48-42d0-9b80-137fd033493c___automakers-number-plates-nitin-gadkari_827x510_61522653557.jpg.jpeg,377,244,license plate,57,170,149,205
59e121dc-ebc6-4e4c-ba88-7fe04b569218___Autopsyches-Skoda-Laura-6.jpg.jpeg,740,490,license plate,293,452,211,263
d0be15f3-4b3e-42f6-88d5-2a7fe4360dbe___Baleno-Number-Plates-Design.jpg.jpeg,959,959,license plate,301,670,419,534
8e0b8c6f-850f-4918-983a-7fa110368d32___banner_4.png,900,350,license plate,315,596,192,267
2302b12c-3d74-4d6c-b376-ba8ab308a8c3___big_215451_1320738450.jpg.jpeg,350,196,license plate,122,220,116,169
f3d775e6-d7b3-4af0-91bd-8550b3bc177f___bike-ind-number-plates-color-black-250x250.jpg.jpeg,248,177,license plate,25,213,63,147
351a22eb-bf0a-44d6-8b6d-5ffca753c261___bike-number-plate-500x500.jpg.jpeg,500,291,license plate,101,258,116,190
60bd391b-484a-46e6-9032-c995f48eaf25___bike-number-plates-german-font-color-black-250x250.jpg.jpeg,248,177,license plate,28,227,52,161
952e41c5-b741-4cfa-90cb-0961b7edf809___bike-number-plates-german-font-color-blue-250x250.jpg.jpeg,248,177,license plate,20,226,55,153
e3f5fe39-d157-49fa-a0c9-b96ca1234a64___bike-scooter-number-plate-frame-rear-500x500.jpg.jpeg,500,282,license plate,128,361,73,201
67c26428-55c5-4cc2-b556-6f4f61134d51___car-number-plate-india-peenya-1st-stage-bangalore-number-plate-manufacturers-56c3b.jpg.jpeg,2592,1936,license plate,299,2342,190,716
4bf56b2a-a0e7-4769-bafb-8c73f2d5600d___DC-Design-Polo-Cover.png,660,322,license plate,314,458,183,221
2e23964b-ce59-4bcf-8c35-98f3a096a748___design-ind-number-plates-vijayanagar-bangalore-number-plate-dealers-2etqybj.jpg.jpeg,750,562,license plate,12,696,106,399
88294212-f11c-46a7-a91a-04c9da19efa6___DSC_8221-L.jpg.jpeg,660,440,license plate,229,326,187,248
d44f95e3-47df-415f-9359-cd2f1f27ad86___eecitmw.gif,350,217,license plate,38,315,36,189
747e99a2-540a-4c35-b7fd-3889d6d391f1___fancy_light__bike_number_plate.jpg.jpeg,622,379,license plate,38,566,38,339
125b5cda-9691-47aa-8e57-f6d8a8537d83___fancy_number_plates_in_india.jpg.jpeg,498,313,license plate,41,411,81,185
4d07a3ac-d373-4d27-9335-a3d32d19afcf___Funny-Bike-Number-Plate-AK56.jpg.jpeg,450,600,license plate,20,411,169,399
5181fd64-3d1b-414d-b405-acb4c535c944___FZ163.jpg.jpeg,800,600,license plate,53,743,177,324
39341d5e-4388-4c44-9faa-5173328eaa10___german-number-plate-punching-clapper-dies-supplier-500x500.jpg.jpeg,500,375,license plate,22,499,49,361
c1d91c5e-128b-41d4-9f9d-ebfbef98b597___High_security_n15816.jpg.jpeg,570,400,license plate,15,479,121,284
f8a992cc-a1cc-4d68-88c1-bec1a46fc148___Honda-City-Number-Plates-Design.jpg.jpeg,557,520,license plate,185,381,349,417
fcabfaf7-160a-44bc-a543-9faee4c1c4cd___Honda-Jazz-Front-Number-Plates-Designs.jpg.jpeg,600,450,license plate,48,598,73,187
7070d6ac-5425-4d33-a78e-a48c62d0fac5___Honda-Jazz-Number-Plate-Designs.jpg.jpeg,600,450,license plate,114,522,126,325
e7a86597-7251-4e9b-9469-cd873fe6736f___Honda-Jazz-Number-Plates-Designs.jpg.jpeg,600,450,license plate,160,432,115,248
074d85b8-42ec-4d17-9b8e-9e51ae060243___hqdefault.jpg.jpeg,480,360,license plate,123,325,131,241
bcdc8b42-5dd4-48e2-8104-706440524bfe___hqdefault0.jpg.jpeg,480,360,license plate,12,471,63,160
22dc6b5f-ff5d-4bb4-beb2-0f5fd9e75787___i10_Latest_Acrylic_Number_Plate.jpg.jpeg,496,287,license plate,135,376,153,219
fe226788-616e-4c5c-8b3c-99dc7e7265cd___images5-500x500.jpg.jpeg,443,332,license plate,26,428,36,129
a970d6e0-5948-4412-a1ec-67c5240722a8___images-gallery-misc4-250x250.jpg.jpeg,250,166,license plate,6,220,32,123
bff789cd-2d58-4399-a55e-33be55f313e3___IMG_0472.jpg.jpeg,700,525,license plate,266,498,321,410
a95a0d9d-5d40-4abb-bd3e-6c6d94bef5b1___IMG_3310.jpg.jpeg,400,300,license plate,135,320,117,196
0c9ebe94-827d-4c74-9950-6816e70d1bab___IMG_8883.jpg.jpeg,500,333,license plate,167,350,99,163
e1d7921f-5e58-46c7-b4f9-9fd4585508f1___IMG_9072.jpg.jpeg,640,555,license plate,443,639,254,346
dfafd4ef-5592-41d9-9cbb-fa6a4e03831e___IMG_9082.jpg.jpeg,610,338,license plate,191,607,54,208
6f78077e-a3a1-4fb9-89ba-5870d75ccdb8___Innova_Crysta_Car_Euro_number_Plates.jpg.jpeg,500,306,license plate,156,299,97,153
b4eb91cd-3e77-40c2-bbe6-13d42f2ea4ba___INNOVA_Euro_Number_Plates.jpg.jpeg,500,350,license plate,138,378,136,207
d48a0a29-8f29-4ced-b395-4c959aec7722___kejriwal.jpg.jpeg,500,139,license plate,14,499,12,115
8c4371ee-a997-4b21-82c4-cb5e767c4d06___kia-sorento-spied-in-India.jpg.jpeg,660,432,license plate,226,381,178,227
bd742e42-bacc-430e-b9aa-9df666f5d9b3___kicker-647_010517112446.jpg.jpeg,647,404,license plate,194,304,196,256
07064c2c-2aa3-4419-91a4-92916de8e54c___mahindra-scorpio-old-car-500x500.jpg.jpeg,500,415,license plate,204,357,268,378
af36405d-be93-4c8c-b1b2-5a0832535eeb___main-qimg-4caf07f4dfd9e2a2d279ddd54fb91986-c.jpg.jpeg,602,339,license plate,106,254,152,206
2424211e-e6ba-4478-8ed1-6a04e25499c7___main-qimg-7673aeac86d0ef987deb837552c5dd4c-1.png,602,370,license plate,127,306,281,320
c2feb2b7-fbb3-4e1e-ad48-cc8112a1ab3f___Maruti_R3_On_Test.jpg.jpeg,500,332,license plate,155,328,200,274
175ff546-0679-4cbb-ab03-acfcd96877b7___Maruti_Wagon_R_Rear.jpg.jpeg,583,450,license plate,179,394,261,336
41de2ad0-3785-488e-9f1f-75b76f446cc7___Maruti-Alto-K10-Photos-2.jpg.jpeg,450,417,license plate,126,308,289,365
e204c50d-b861-4f68-827f-575351d150b4___Maruti-Baleno-RS-4.jpg.jpeg,505,343,license plate,23,147,206,252
d9023f53-f90d-4b98-bd52-30796777ddcf___Maruti-Suzuki-Baleno-hatchback-56545.jpg.jpeg,389,267,license plate,217,314,153,186
fd0140cc-e887-43b8-a439-24877ea77670___Maruti-Suzuki-Baleno-Number-Plates-Design.jpg.jpeg,500,274,license plate,146,395,133,195
13ffaad4-a186-46bd-ae5d-924d1c8d7c50___maruti-suzuki-Baleno-RS-pics-48.jpg.jpeg,800,485,license plate,638,749,336,387
fb939bb1-5257-4879-bafb-539472ffb73d___Maruti-Suzuki-Brezza-Number-Plates-Design.jpg.jpeg,484,456,license plate,177,349,204,273
ec4bde57-11dd-4d59-96ae-b5d3b28afda5___Maruti-Suzuki-Celerio-Back-Number-Plates-Design.jpg.jpeg,500,376,license plate,110,438,184,277
b78259be-7ef5-4499-b9a2-2b8a37660e8b___Maruti-Suzuki-Celerio-Front-Number-Plates-Design.jpg.jpeg,960,720,license plate,315,714,276,386
49bdf0d9-4e64-41eb-9c19-eabdc4afb051___Maruti-Suzuki-Ciaz-Photos-30.JPG.jpeg,600,337,license plate,189,357,129,181
377b225b-e978-4e7c-8e5e-f10d8effc336___Maruti-Suzuki-Ignis-Rear-view-94486.jpg.jpeg,600,337,license plate,162,312,226,273
ed6ee171-691a-4563-a79d-4f47d8ce9f85___Maruti-Suzuki-SCross-Exterior-80675.jpg.jpeg,600,337,license plate,114,414,257,332
1438b735-2d21-4879-8ed4-e5fa086e70c8___Maruti-Suzuki-Swift-Dzire-1.jpg.jpeg,506,407,license plate,178,343,264,320
5747d3e8-4dd0-435f-942d-34b84f03344c___Maruti-Suzuki-Swift-Number-Plates-Design.jpg.jpeg,500,430,license plate,139,342,240,313
e29b6eea-504a-4da2-8503-5bd3443f3bd8___maruti-suzuki-wagon-r-front-left-rim.jpg.jpeg,350,197,license plate,94,199,95,141
ed9cd3b2-76a2-4cc8-9e4e-76d50ad1ff68___maruti-suzuki-wagon-r-hood-open-view.jpg.jpeg,350,467,license plate,119,229,263,298
5a4780bf-d2af-4f19-a36b-65004cd06b3d___maruti-suzuki-wagon-r-rear-left-rim.jpg.jpeg,350,263,license plate,91,177,137,169
bbf22d00-3dd6-4338-b701-264e0c0c0aff___Maruti-Swift-DZire-Photos-1.jpg.jpeg,591,479,license plate,177,398,217,296
20dd73fd-9e05-4bdc-b380-d8148b194ae7___Maruti-Swift-Number-Plates-Design.jpg.jpeg,960,720,license plate,315,877,279,392
3febea0e-53c0-4b30-880c-3061458b93ce___Maruti-Vitara-Brezza-rear-end-full-review.jpg.jpeg,700,419,license plate,353,586,191,287
8ce02eb0-8924-4dbc-96f6-acadf6f9a618___maxresdefault0.jpg.jpeg,387,317,license plate,62,291,126,223
f685e6cf-3a12-42ac-94d7-28cdf129b266___maxresdefault1.jpg.jpeg,500,537,license plate,83,369,33,482
e663fa35-ce3c-401d-8451-30edd236b3e4___maxresdefault2.jpg.jpeg,1280,720,license plate,365,776,245,478
db4f467d-2d9e-4567-ab68-fce4a8689562___maxresdefault7.jpg.jpeg,1920,1080,license plate,1017,1272,615,677
4e56220b-186d-46d2-8df9-bcde299c8732___motorcycle-number-plates-2583.jpg.jpeg,570,444,license plate,258,325,214,262
c02b3989-8334-4cf7-b69c-bcd177e209d4___mqdefault.jpg.jpeg,320,180,license plate,86,239,18,57
5cbd7465-ad12-4e6b-8eaf-d7056c3852f8___New-2018-Maruti-Suzuki-Swift-radiator-grille-600x398.jpg.jpeg,600,398,license plate,340,510,228,313
c30a1535-9d8f-465e-a7f4-aa726f19f0b1___new-maruti-alto-k10-2_625x300_41414071192.jpg.jpeg,650,493,license plate,232,426,370,429
d86f0bbc-91f6-4af9-9956-c305f98e515b___Number_plate_650.jpg.jpeg,650,400,license plate,114,317,173,240
f2169fa5-fd71-4ba9-a2dc-e612784ec853___number2Bplate2Bdesigns2Bindia.jpg.jpeg,320,180,license plate,18,320,33,157
4f86fbad-3a04-4c11-a8fa-e897727fc2c7___Number-plate-1.jpg.jpeg,650,572,license plate,288,583,300,399
93b6ca4e-17cc-4b12-b7f5-66fb37c6107c___number-plate-factory-fitted1.jpg.jpeg,642,336,license plate,218,434,140,196
304b14b8-dc3c-41cb-94b6-635864e2e964___number-plate-protector-car-safeplate-250x250.jpg.jpeg,250,250,license plate,12,249,66,199
206c95ff-83b8-4273-b105-6637bf9a3038___numerix-number-plates-thodupuzha-idukki-number-plate-dealers-1lhwiga.jpg.jpeg,2000,1500,license plate,555,1745,441,1079
ee7cffcb-cedd-444f-9d3b-42372ba30073___pimlico-plumbers-van-with-personalised-number-plate-london-B8MJAT.jpg.jpeg,1300,924,license plate,396,799,673,783
97285917-354c-4ea7-9c71-a818f1f640cf___product-500x500.jpeg,500,155,license plate,16,495,7,134
d779f6f0-5731-48ed-bd43-836a3f7f2013___product-500x5000.jpeg,500,268,license plate,221,431,121,183
62b58053-425c-4924-b129-c4a6580f3562___product-500x5001.jpeg,500,234,license plate,209,448,82,159
8857d8b4-0f39-4f1b-ab31-48a1dc2db726___Pulsar-200-NS-Number-Plate.jpg.jpeg,503,495,license plate,132,487,217,423
e354039f-d73c-4f12-9df5-f0129345fa79___scorpio.JPG.jpeg,400,300,license plate,130,263,180,225
165eaa92-8e90-44e6-b132-8af462bae0c9___scorpio-rear.JPG.jpeg,400,300,license plate,36,110,123,165
854d6a27-373f-450e-a6c9-0ade9c82c456___scorpio-stretch-seized_1451386843.jpg.jpeg,725,408,license plate,239,319,262,321
c41652d9-19ae-4a7d-8423-230340ac30bc___Skoda_Laura_DSG_Long_Term_Review-125.jpg.jpeg,1024,685,license plate,389,600,450,509
d1301d79-7b27-479a-8c83-ed13fb848344___Skoda-1-insights-696x388.jpg.jpeg,696,388,license plate,218,487,130,194
7616cb19-df24-4d29-b679-5252391a547f___Skoda-Laura-rear.jpg.jpeg,800,533,license plate,285,497,251,320
f7621229-eebc-4dff-aef8-e79fac571be4___Skoda-Octavia-5.jpg.jpeg,586,331,license plate,182,254,203,232
a285cdf6-4640-41ee-b3f3-b721f334466f___Skoda-Octavia-RS-launched-in-India-3.jpg.jpeg,500,344,license plate,169,358,260,297
af270103-6ed4-4260-9d01-b8be2e2b9af1___skoda-rapid-1.5-tdi-dsg-review.jpg.jpeg,500,271,license plate,100,259,147,207
ef2dc97f-bc6d-49a3-9ddb-03f54f3a20e7___Skoda-Rapid-new-Exterior-84398.jpg.jpeg,541,423,license plate,205,350,271,323
f9e27b82-9e65-44ba-bf9a-b3ced8901937___Skoda-Superb-Exterior-deadfront-69204.jpg.jpeg,600,337,license plate,196,405,185,233
af608b5e-07d6-4bcf-84d0-f0cba9e54e12___Skoda-Superb-Rear-Profile.jpg.jpeg,600,400,license plate,232,354,178,224
d16041c1-831d-4cc9-8869-68be8b6e12d7___slider-new-2.jpg.jpeg,1266,453,license plate,787,1047,241,302
f16274c4-0d3d-4c85-9dcc-5ac71734b281___speedex-number-plates-nandanam-chennai-car-number-plate-dealers-1ofla74.jpg.jpeg,678,475,license plate,165,571,199,353
254b647f-4cb3-46c3-a206-4e70041f4c78___speedex-number-plates-nandanam-chennai-car-number-plate-dealers-33nu2i6.jpg.jpeg,350,263,license plate,114,226,85,116
69b56ab9-accd-4c67-aa7a-a884c018e5ab___speedex-number-plates-nandanam-chennai-car-number-plate-dealers-3zh7n2s.jpg.jpeg,960,1280,license plate,333,645,933,1062
684f079f-6085-420c-8e4e-e1aed270fc05___Toyota-Fortuner-Number-Plates-Design.jpg.jpeg,1250,703,license plate,534,778,381,473
ad65d729-1bf7-408c-b991-f3e329f17aab___two-wheeler-number-plate-250x250.jpg.jpeg,250,250,license plate,3,250,22,189
21cc678a-b9c5-4bbb-ace0-9e096e799632___unnamed-300x225.jpg.jpeg,300,225,license plate,87,135,99,127
aff1f53b-3259-44f0-9718-05fb64dc8ba1___Untitled.png,361,308,license plate,79,198,125,183
26cfb3dd-3731-4fd0-a6c2-c44e3ce7498a___used_cars_in_keralaused_bikes_in_keralaautomotive_news7.jpg.jpeg,531,512,license plate,157,337,268,338
102ac1fb-f4e7-4d48-ab76-1f30a46c1135___Uttar-PradeshAkhileshYadavnumberplate.jpg.jpeg,300,404,license plate,111,232,123,193
41209caa-2aa2-4003-b057-e0508c1d5ac9___Volkswagen-Ameo-Exterior-68165.jpg.jpeg,600,337,license plate,195,279,198,233
a508ecb5-bfdd-46ba-8640-bb827b7c089c___Volkswagen-Polo.jpg.jpeg,704,330,license plate,559,669,205,249
6cd15e75-3e26-41f2-a6aa-b1b58dec1c48___volkswagen-polo-exquisite-limited-edition-m1_720x540.jpg.jpeg,654,380,license plate,19,99,243,318
52abe2c4-fde3-45b2-beec-f070e6ed98c7___Volkswagen-Vento-Rear-view-46765.jpg.jpeg,630,353,license plate,250,374,186,233
ca18d733-ec53-49d9-87aa-a9f6c52cc7bb___VW-Polo-GT-TSI-badge-on-the-grille.jpg.jpeg,500,333,license plate,99,409,204,311
8906af57-0d29-417d-ac46-408425527b57___VW-Vento-TDI-CNG-Spy-Pic-2.jpg.jpeg,600,430,license plate,243,376,229,303
bb210ab4-795c-4b2b-9b6e-4597cbc67375___White-2BPlate.jpeg,442,333,license plate,159,284,210,262
11832b13-d514-4f1d-967c-d00e76d21e9b___Yellow-Number-Plate-With-Black-Lettering.jpg.jpeg,602,339,license plate,99,267,155,217
5345a45f-8d1b-4984-b5ee-a69fc4cbda6a___new__bd7f7862-d727-11e7-ad30-e18a56154311.jpg.jpeg,500,289,license plate,363,435,166,202
4b669e6d-4eec-4f46-b502-f64ee0175947___new_1.jpg,499,287,license plate,137,450,65,154
07bd977e-d578-49a2-b345-7cee5a4db6bf___new_1031520d1356604430-skoda-rapid-joins-family-edit-sold-wp_000281.jpg.jpeg,500,358,license plate,154,377,196,259
9ea92991-8fdf-4b46-aea1-bf08ecff247c___new_1107433d1373284570-my-modded-skoda-rapid-now-166-bhp-351-nm-119-whp-per-tonne-hdr_00005_normal.jpg.jpeg,500,355,license plate,56,265,220,288
acd85f93-544d-494e-b2f3-2d445937bb0b___new_1431956d1446017445-number-plates-merchandise-canvas-ink-gurgaon-edit-closed-thumb_img_4418_1024.jpg.jpeg,474,354,license plate,130,404,103,225
2adfb5e7-e70a-4749-b5fa-8c233c0d47d9___new_1572920d1478091901-your-favourite-number-plate-font-jetta-german-font.jpg.jpeg,500,250,license plate,157,382,89,160
b9467810-4022-4cf5-87e7-fed0d63c8e2f___new_1658240d1500548920-close-look-2017-skoda-octavia-facelift-hands-free-parking-front-bumper.jpg.jpeg,500,332,license plate,144,348,112,198
730a2f83-cd53-4943-8922-af9d4fcad415___new_2.jpg,509,290,license plate,124,399,109,206
d1115e64-987f-4a72-b9bb-853f67ca37b6___new_2014-Volkswagen-Polo-Review.jpg.jpeg,500,354,license plate,143,339,243,320
cf011553-f802-4b11-99ec-6e03d731b646___new_2014-VW-Polo-facelift-spied-India-rear.jpg.jpeg,500,448,license plate,184,389,304,370
d3d2cbaa-f24a-4cb7-a236-53fa514816b4___new_2017-Skoda-Rapid-Diesel-DSG-Review-6.jpg.jpeg,500,336,license plate,237,387,101,161
e77e5db3-2bc6-4223-a258-2334256be65e___new_205356-maruti-swift-torque-blue-vdi-ddis-glistening-rockstar-enters-home-img_7531.jpg.jpeg,450,290,license plate,110,390,116,210
936623d4-b47c-4da7-ab2e-6ac3cc63f861___new_216279d1481352986-silver-venom-mahindra-scorpio-s4-2016-ownership-review-wp_20161122_11_19_00_pro.jpg.jpeg,500,274,license plate,180,380,114,187
4434b404-dd10-4150-b226-b76b6ef95e43___new_224489195_8_1000x700_skoda-superb-2010-.jpg.jpeg,397,247,license plate,139,327,154,211
c48f8704-bc40-462a-a595-445b2f2e63fe___new_77cca4b6f3864b3928824a030ba101d2.jpg.jpeg,418,330,license plate,54,193,190,237
fbc107b7-13d8-4a2d-b8be-7c96bd7d609c___new_9214a754343030395508e104d7948167_large.jpg.jpeg,429,450,license plate,92,297,331,405
78a85f8b-de01-4036-ae91-2a1fa48bcf9f___new_995920d1349421647-cappuccino-beige-czech-tank-here-my-skoda-laura-2-0-elegance-mt-20121005_121433.jpg.jpeg,500,333,license plate,141,351,220,272
0073797c-a755-4972-b76b-8ef2b31d44ab___new_IMG_20160315_071740.jpg.jpeg,500,335,license plate,136,348,195,277
b3e82163-400b-4211-bb99-a5b53fb13a25___new_IMG_8883.jpg.jpeg,229,140,license plate,23,187,35,103
7f369852-27b9-4141-8c48-9e88b20743a6___new_Mahindra-Scorpio-Taillamps-Night.JPG.jpeg,500,393,license plate,143,402,205,272
a34aeb21-ffe8-4357-80d3-8f212c62c816___new_main_cropped.jpg.jpeg,500,291,license plate,186,363,97,154
51d58875-0bdc-4488-84d9-8b7ad5883863___new_Maruti-Suzuki-Ignis-Rear-view-94486.jpg.jpeg,400,224,license plate,100,218,143,193
b117ba53-d563-49c2-806b-343666616815___new_Maruti-Suzuki-recalls-75419-Baleno-cars-1961-DZire-cars-only-AGS-variant-Motown-India-Bureau-2-810.jpg.jpeg,317,215,license plate,108,234,105,161
97846647-16f1-4ee2-b260-60774a21cc74___new_Maruti-Suzuki-Swift-Dzire-1.jpg.jpeg,330,267,license plate,101,262,134,200
9f7c7dce-f9c9-4c95-a053-8f16e6e99466___new_new-maruti-alto-k10-2_625x300_41414071192.jpg.jpeg,424,249,license plate,140,323,148,219
347c849b-6cfa-4edb-af1f-b29bdad25c4d___new_New-Volkswagen-Polo.jpg.jpeg,249,239,license plate,12,146,116,185
fc1f58f0-2f54-4545-8915-2936d08dcce1___new_Skoda_Laura_DSG_Long_Term_Review-125.jpg.jpeg,500,366,license plate,172,353,222,284
7073bd18-c0bf-47da-9e43-8c9d27831f11___new_Skoda-Laura-rear.jpg.jpeg,500,333,license plate,184,308,150,205
5c85a40f-ce81-44b4-82b2-dfdac281217d___new_Skoda-Octavia-1.8-TSI-5.jpg.jpeg,500,332,license plate,167,314,202,254
89d26be7-258a-4470-b0fe-d1df57b20d55___new_Skoda-Octavia-5.jpg.jpeg,586,331,license plate,173,258,198,237
07e787a7-6cc3-482c-9ce5-f0ce115b47f1___new_VW-Polo-GT-TSI-badges-on-the-boot-lid.jpg.jpeg,395,147,license plate,15,366,18,126
